"","name","mine_query","WBID","type","OC","MC","RBD"
"1","Fleet Brook","Fleet Brook","GB106039017120","River","Loddon","Loddon and tributaries","Thames"
"2","Emm Brook","Emm Brook","GB106039023130","River","Loddon","Loddon and tributaries","Thames"
"3","Barkham Brook","Barkham Brook","GB106039017400","River","Loddon","Loddon and tributaries","Thames"
"4","Cove Brook","Cove Brook","GB106039017130","River","Loddon","Loddon and tributaries","Thames"
"5","Vyne Stream","Vyne Stream","GB106039017110","River","Loddon","Loddon and tributaries","Thames"
"6","Fleet Pond","Fleet Pond","GB30643315","Lake","Loddon","Loddon and tributaries","Thames"
"7","Lyde","Lyde","GB106039017100","River","Loddon","Loddon and tributaries","Thames"
"8","Whitewater","Whitewater","GB106039017240","River","Loddon","Loddon and tributaries","Thames"
"9","Twyford Brook","Twyford Brook","GB106039023190","River","Loddon","Loddon and tributaries","Thames"
"10","North Wey at Alton","North Wey","GB106039017800","River","Wey","Wey and tributaries","Thames"
"11","East Clandon Stream","East Clandon Stream","GB106039017860","River","Wey","Wey and tributaries","Thames"
"12","Clasford Brook and Wood Street Brook","Clasford Brook OR Wood Street Brook","GB106039017850","River","Wey","Wey and tributaries","Thames"
"13","Guileshill Brook","Guileshill Brook","GB106039017880","River","Wey","Wey and tributaries","Thames"
"14","Ock","Ock","GB106039017790","River","Wey","Wey and tributaries","Thames"
"15","Tillingbourne","Tillingbourne","GB106039017840","River","Wey","Wey and tributaries","Thames"
"16","Cranleigh Waters","Cranleigh Waters","GB106039017810","River","Wey","Wey and tributaries","Thames"
"17","Frensham Great Pond","Frensham Great Pond","GB30644031","Lake","Wey","Wey and tributaries","Thames"
"18","Forest Mere","Forest Mere","GB30644576","Lake","Wey","Wey and tributaries","Thames"
"19","The Moat at Egham","Moat Egham","GB106039017060","River","Wey","Wey and tributaries","Thames"
"20","Stratford Brook","Stratford Brook","GB106039017890","River","Wey","Wey and tributaries","Thames"
"21","Frensham Little Pond","Frensham Little Pond","GB30643943","Lake","Wey","Wey and tributaries","Thames"
"22","Oakhanger Stream","Oakhanger Stream","GB106039017710","River","Wey","Wey and tributaries","Thames"
"23","Caker Stream","Caker Stream","GB106039017730","River","Wey","Wey and tributaries","Thames"
"24","Truxford Brook","Truxford Brook","GB106039017770","River","Wey","Wey and tributaries","Thames"
"25","Thorpe Park Lakes","Thorpe Park Lakes","GB30642753","Lake","Wey","Wey and tributaries","Thames"
"26","Royal Brook","Royal Brook","GB106039017760","River","Wey","Wey and tributaries","Thames"
"27","Boldermere","Boldermere","GB30643218","Lake","Wey","Wey and tributaries","Thames"
"28","Virginia Water","Virginia Water","GB30642691","Lake","Wey","Wey and tributaries","Thames"
"29","Teise and Lesser Teise","Teise OR Lesser Teise","GB106040018260","River","Teise","Medway","Thames"
"30","Lower Teise","Teise","GB106040018130","River","Teise","Medway","Thames"
"31","Teise at Lamberhurst","Teise","GB106040018520","River","Teise","Medway","Thames"
"32","Marden Mill Stream","Marden Mill Stream","GB106040018310","River","Teise","Medway","Thames"
"33","Bartley Mill Stream","Bartley Mill Stream","GB106040018240","River","Teise","Medway","Thames"
"34","Upper Teise","Teise","GB106040018250","River","Teise","Medway","Thames"
"35","Bewl Water","Bewl Water","GB30644398","Lake","Teise","Medway","Thames"
"36","Bewl","Bewl","GB106040018500","River","Teise","Medway","Thames"
"37","Mid Medway from Eden Confluence to Yalding","Medway","GB106040018182","River","Middle Medway","Medway","Thames"
"38","Loose Stream","Loose Stream","GB106040018420","River","Middle Medway","Medway","Thames"
"39","Medway at Maidstone","Medway","GB106040018440","River","Middle Medway","Medway","Thames"
"40","Len","Len","GB106040018430","River","Middle Medway","Medway","Thames"
"41","Ditton Stream","Ditton Stream","GB106040018200","River","Middle Medway","Medway","Thames"
"42","Alder Stream and Hammer Dyke","Alder Stream OR Hammer Dyke","GB106040018110","River","Middle Medway","Medway","Thames"
"43","Leybourne Stream","Leybourne Stream","GB106040018450","River","Middle Medway","Medway","Thames"
"44","Somerhill Stream","Somerhill Stream","GB106040018410","River","Middle Medway","Medway","Thames"
"45","Little Hawden Stream","Little Hawden Stream","GB106040018150","River","Middle Medway","Medway","Thames"
"46","Hilden Brook","Hilden Brook","GB106040018170","River","Middle Medway","Medway","Thames"
"47","Tudeley Brook","Tudeley Brook","GB106040018120","River","Middle Medway","Medway","Thames"
"48","Hammer Stream","Hammer Stream","GB106040018290","River","Beult","Medway","Thames"
"49","Beult at Yalding","Beult","GB106040018140","River","Beult","Medway","Thames"
"50","Tributary of Beult at Frittenden","Beult","GB106040018030","River","Beult","Medway","Thames"
"51","Beult","Beult","GB106040018270","River","Beult","Medway","Thames"
"52","Ulcombe Stream","Ulcombe Stream","GB106040018330","River","Beult","Medway","Thames"
"53","Sherway","Sherway","GB106040018320","River","Beult","Medway","Thames"
"54","Upper Beult","Beult","GB106040018300","River","Beult","Medway","Thames"
"55","Ray Brook","Ray Brook","GB106040018340","River","Eden","Medway","Thames"
"56","Middle Eden","Eden","GB106040018350","River","Eden","Medway","Thames"
"57","Tributary of Eden at Four Elms","Eden","GB106040018060","River","Eden","Medway","Thames"
"58","Upper Eden","Eden","GB106040018630","River","Eden","Medway","Thames"
"59","Lower Eden","Eden","GB106040018160","River","Eden","Medway","Thames"
"60","Eden Brook","Eden Brook","GB106040018660","River","Eden","Medway","Thames"
"61","Bough Beech Reservoir","Bough Beech Reservoir","GB30643602","Lake","Eden","Medway","Thames"
"62","Bay Pond","Bay Pond","GB30643485","Lake","Eden","Medway","Thames"
"63","Hedgecourt Lake","Hedgecourt Lake","GB30644023","Lake","Eden","Medway","Thames"
"64","Gibbs Brook","Gibbs Brook","GB106040018640","River","Eden","Medway","Thames"
"65","Tributary of Edenbrook","Eden Brook","GB106040018650","River","Eden","Medway","Thames"
"66","Medway at Weir Wood","Medway","GB106040018070","River","Upper Medway","Medway","Thames"
"67","Pippingford Brook","Pippingford Brook","GB106040018360","River","Upper Medway","Medway","Thames"
"68","Weir Wood Reservoir","Weir Wood Reservoir","GB30644310","Lake","Upper Medway","Medway","Thames"
"69","Kent Water","Kent Water","GB106040018090","River","Upper Medway","Medway","Thames"
"70","Grom","Grom","GB106040018400","River","Upper Medway","Medway","Thames"
"71","Mid Medway from Hartfield to Eden Confluence","Medway","GB106040018181","River","Upper Medway","Medway","Thames"
"72","Eridge Stream","Eridge Stream","GB106040018390","River","Upper Medway","Medway","Thames"
"73","Barden Mill Stream","Barden Mill Stream","GB106040018100","River","Upper Medway","Medway","Thames"
"74","Upper Eridge Stream","Eridge Stream","GB106040013370","River","Upper Medway","Medway","Thames"
"75","Shovelstrode Stream","Shovelstrode Stream","GB106040018080","River","Upper Medway","Medway","Thames"
"76","Friars Gate Stream","Friars Gate Stream","GB106040018370","River","Upper Medway","Medway","Thames"
"77","Heythorpe Stream and tributaries","Heythorpe Stream","GB106039030030","River","Evenlode","Cotswolds","Thames"
"78","Blenheim Lakes","Blenheim Lakes","GB30640514","Lake","Evenlode","Cotswolds","Thames"
"79","Coldron and Taston Brooks","Coldron Brook OR Taston Brook","GB106039029970","River","Evenlode","Cotswolds","Thames"
"80","Littlestock Stream to tributary of Evenlode at Shipton","Littlestock Stream","GB106039029910","River","Evenlode","Cotswolds","Thames"
"81","Hazelford and Coombe Brook","Hazelford Brook OR Coombe Brook","GB106039030450","River","Windrush","Cotswolds","Thames"
"82","Filchhampstead Brook at Farmoor","Filchhampstead Brook","GB106039030210","River","Windrush","Cotswolds","Thames"
"83","Farmoor Reservoir","Farmoor Reservoir","GB30641011","Lake","Windrush","Cotswolds","Thames"
"84","Shill Brook and Tributaries","Shill Brook","GB106039030280","River","Windrush","Cotswolds","Thames"
"85","Highmoor Brook at Brize Norton","Highmoor Brook","GB106039030260","River","Windrush","Cotswolds","Thames"
"86","Broadwell Brook","Broadwell Brook","GB106039030232","River","Windrush","Cotswolds","Thames"
"87","Radcot Cut","Radcot Cut","GB106039030231","River","Windrush","Cotswolds","Thames"
"88","Sherbourne Brook","Sherbourne Brook","GB106039030460","River","Windrush","Cotswolds","Thames"
"89","Knight Reservoir","Knight Reservoir","GB30642791","Lake","Lower Thames","Maidenhead and Sunbury","Thames"
"90","Datchet Common Brook","Datchet Common Brook","GB106039023520","River","Lower Thames","Maidenhead and Sunbury","Thames"
"91","Salthill Stream","Salthill Stream","GB106039023530","River","Lower Thames","Maidenhead and Sunbury","Thames"
"92","Chalvey Ditches","Chalvey Ditches","GB106039023550","River","Lower Thames","Maidenhead and Sunbury","Thames"
"93","Roundmoor Ditch and Boveney Ditch","Roundmoor Ditch OR Boveney Ditch","GB106039023540","River","Lower Thames","Maidenhead and Sunbury","Thames"
"94","Bull Brook","Bull Brook","GB106039017670","River","Lower Thames","Maidenhead and Sunbury","Thames"
"95","Wraysbury Lake","Wraysbury Lake","GB30642430","Lake","Lower Thames","Maidenhead and Sunbury","Thames"
"96","Englemere Pond","Englemere Pond","GB30642757","Lake","Lower Thames","Maidenhead and Sunbury","Thames"
"97","Bessborough Reservoir","Bessborough Reservoir","GB30642779","Lake","Lower Thames","Maidenhead and Sunbury","Thames"
"98","Cut at west Bracknell","River Cut;","GB106039017660","River","Lower Thames","Maidenhead and Sunbury","Thames"
"99","Maidenhead Ditch","Maidenhead Ditch","GB106039023511","River","Lower Thames","Maidenhead and Sunbury","Thames"
"100","Great Hallingbury Brook","Great Hallingbury Brook","GB106038033330","River","Upper Lee","Upper Lee","Thames"
"101","Stanstead Brook","Stanstead Brook","GB106038040090","River","Upper Lee","Upper Lee","Thames"
"102","Stevenage Brook","Stevenage Brook","GB106038033410","River","Upper Lee","Upper Lee","Thames"
"103","Stort and Bourne Brook","Stort Brook OR Bourne Brook","GB106038033340","River","Upper Lee","Upper Lee","Thames"
"104","Quin","Quin","GB106038040120","River","Upper Lee","Upper Lee","Thames"
"105","Cannons Brook","Cannons Brook","GB106038033220","River","Upper Lee","Upper Lee","Thames"
"106","Pincey Brook","Pincey Brook","GB106038033380","River","Upper Lee","Upper Lee","Thames"
"107","Fiddlers Brook","Fiddlers Brook","GB106038033260","River","Upper Lee","Upper Lee","Thames"
"108","Little Hallingbury Brook","Little Hallingbury Brook","GB106038033250","River","Upper Lee","Upper Lee","Thames"
"109","Old Basing Tertiaries","Old Basing Tertiaries","GB40602G601700","Groundwater","Old Basing Tertiaries","Thames GW","Thames"
"110","Greenwich Tertiaries and Chalk","Greenwich Tertiaries OR Greenwhich Chalk","GB40602G602500","Groundwater","Greenwich Tertiaries","Thames GW","Thames"
"111","West Kent Darent and Cray Chalk","West Kent Darent OR Cray Chalk","GB40601G501800","Groundwater","West Kent Darent and Cray Chalk","Thames GW","Thames"
"112","Burford Jurassic","Burford Jurassic","GB40601G600400","Groundwater","Burford Jurassic","Thames GW","Thames"
"113","Chiltern Chalk Scarp","Chiltern Chalk Scarp","GB40601G604100","Groundwater","Chiltern Chalk Scarp","Thames GW","Thames"
"114","North Kent Tertiaries","North Kent Tertiaries","GB40602G500200","Groundwater","North Kent Chalk and Tertiaries","Thames GW","Thames"
"115","North Kent Swale Chalk","North Kent Swale Chalk","GB40601G501700","Groundwater","North Kent Chalk and Tertiaries","Thames GW","Thames"
"116","Chobham Bagshot Beds","Chobham Bagshot Beds","GB40602G601400","Groundwater","Chobham Bagshot Beds","Thames GW","Thames"
"117","Guildford Chalk","Guildford Chalk","GB40601G604300","Groundwater","Guildford Chalk","Thames GW","Thames"
"118","Upper Lee Chalk","Upper Lee Chalk","GB40601G602900","Groundwater","Upper Lee Groundwater","Thames GW","Thames"
"119","North Mymms Tertiaries","North Mymms Tertiaries","GB40602G401200","Groundwater","Upper Lee Groundwater","Thames GW","Thames"
"120","Maidenhead Chalk","Maidenhead Chalk","GB40601G602600","Groundwater","Maidenhead Chalk","Thames GW","Thames"
"121","Basingstoke Chalk","Basingstoke Chalk","GB40601G501300","Groundwater","Basingstoke Chalk","Thames GW","Thames"
"122","Kemble Forest Marble","Kemble Forest Marble","GB40602G600500","Groundwater","Kemble Forest Marble","Thames GW","Thames"
"123","Banbury Jurassic","Banbury Jurassic","GB40602G600200","Groundwater","Banbury Jurassic","Thames GW","Thames"
"124","Bromley Tertiaries","Bromley Tertiaries","GB40602G602300","Groundwater","West Kent and Bromley Tertiaries","Thames GW","Thames"
"125","Radlett Tertiaries","Radlett Tertiaries","GB40602G602800","Groundwater","Colne Groundwater","Thames GW","Thames"
"126","Lower Thames Gravels","Lower Thames Gravels","GB40603G000300","Groundwater","Colne Groundwater","Thames GW","Thames"
"127","Berkshire Downs Chalk","Berkshire Downs Chalk","GB40601G600900","Groundwater","Berkshire Downs Chalk","Thames GW","Thames"
"128","Kent Greensand Middle","Kent Greensand Middle","GB40601G500400","Groundwater","Kent Greensand Middle and Western","Thames GW","Thames"
"129","Kent Greensand Western","Kent Greensand Western","GB40601G500500","Groundwater","Kent Greensand Middle and Western","Thames GW","Thames"
"130","Reigate Lower Greensand","Reigate Lower Greensand","GB40601G602000","Groundwater","Reigate Lower Greensand","Thames GW","Thames"
"131","Chipping Norton Jurassic","Chipping Norton Jurassic","GB40602G600300","Groundwater","Chipping Norton Jurassic","Thames GW","Thames"
"132","Vale of White Horse Chalk","Vale of White Horse Chalk","GB40601G601000","Groundwater","Vale of White Horse Chalk","Thames GW","Thames"
"133","Godalming Lower Greensand","Godalming Lower Greensand","GB40601G601900","Groundwater","Godalming Lower Greensand","Thames GW","Thames"
"134","North Kent Medway Chalk","North Kent Medway Chalk","GB40601G500300","Groundwater","North Kent Medway Chalk","Thames GW","Thames"
"135","Twyford Tertiaries","Twyford Tertiaries","GB40602G602700","Groundwater","Twyford Tertiaries","Thames GW","Thames"
"136","Epsom North Downs Chalk","Epsom North Downs Chalk","GB40601G602200","Groundwater","Epsom and Dorking Chalk","Thames GW","Thames"
"137","Dorking North Downs Chalk","Dorking North Downs Chalk","GB40601G602100","Groundwater","Epsom and Dorking Chalk","Thames GW","Thames"
"138","Upper Thames Gravels","Upper Thames Gravels","GB40603G000200","Groundwater","Upper Thames Gravels","Thames GW","Thames"
"139","Bayswater Brook","Bayswater Brook","GB106039029780","River","Cherwell","Cherwell and Ray","Thames"
"140","Hanwell Brook","Hanwell Brook","GB106039037340","River","Cherwell","Cherwell and Ray","Thames"
"141","Grimsbury Reservoir","Grimsbury Reservoir","GB30639472","Lake","Cherwell","Cherwell and Ray","Thames"
"142","Gallos Brook","Gallos Brook","GB106039030130","River","Oxon Ray","Cherwell and Ray","Thames"
"143","Summerstown Ditch and Launton and Cutters Brook","Summerstown Ditch OR Launton Brook OR Cutters Brook","GB106039030120","River","Oxon Ray","Cherwell and Ray","Thames"
"144","Town Brook at Bicester","Town Brook","GB106039030150","River","Oxon Ray","Cherwell and Ray","Thames"
"145","Ludgershall Brook and Muswellhill Brook","Ludgershall Brook OR Muswellhill Brook","GB106039030060","River","Oxon Ray","Cherwell and Ray","Thames"
"146","Bletchingdon Stream","Bletchingdon Stream","GB106039030080","River","Oxon Ray","Cherwell and Ray","Thames"
"147","Ray and tributaries NorthEast of Grendon Underwood","Ray Brook","GB106039030100","River","Oxon Ray","Cherwell and Ray","Thames"
"148","Childrey Brook and Norbrook at Common Barn","Childrey Brook OR Norbrook","GB106039023380","River","Ock","Gloucestershire and the Vale","Thames"
"149","Childrey and Woodhill Brooks","Childrey Brook OR Woodhill Brook","GB106039023370","River","Ock","Gloucestershire and the Vale","Thames"
"150","Frilford and Marcham Brook","Frilford OR Marcham Brook","GB106039023420","River","Ock","Gloucestershire and the Vale","Thames"
"151","Letcombe Brook","Letcombe Brook","GB106039023350","River","Ock","Gloucestershire and the Vale","Thames"
"152","Moor Ditch and Ladygrove Ditch","Moor Ditch OR Ladygrove Ditch","GB106039023630","River","Ock","Gloucestershire and the Vale","Thames"
"153","Ginge Brook and Mill Brook","Ginge Brook OR Mill Brook","GB106039023660","River","Ock","Gloucestershire and the Vale","Thames"
"154","Cow Common Brook and Portobello Ditch","Cow Common Brook OR Portobello Ditch","GB106039023360","River","Ock","Gloucestershire and the Vale","Thames"
"155","South Marston Brook","South Marston Brook","GB106039022910","River","Upper Thames","Gloucestershire and the Vale","Thames"
"156","Lydiard Brook","Lydiard Brook","GB106039023310","River","Upper Thames","Gloucestershire and the Vale","Thames"
"157","Haydon Wick Brook","Haydon Wick Brook","GB106039023331","River","Upper Thames","Gloucestershire and the Vale","Thames"
"158","Dudgrove Brook","Dudgrove Brook","GB106039023110","River","Upper Thames","Gloucestershire and the Vale","Thames"
"159","Kemble Ditch at Kemble","Kemble Ditch","GB106039023810","River","Upper Thames","Gloucestershire and the Vale","Thames"
"160","Derry Brook","Derry Brook","GB106039023620","River","Upper Thames","Gloucestershire and the Vale","Thames"
"161","Tuckmill Brook and tributaries","Tuckmill Brook","GB106039022920","River","Upper Thames","Gloucestershire and the Vale","Thames"
"162","Coate Water","Coate Water","GB30642155","Lake","Upper Thames","Gloucestershire and the Vale","Thames"
"163","Share ditch","Share ditch","GB106039023680","River","Upper Thames","Gloucestershire and the Vale","Thames"
"164","Marston Meysey Brook","Marston Meysey Brook","GB106039023860","River","Upper Thames","Gloucestershire and the Vale","Thames"
"165","Westrop Brook","Westrop Brook","GB106039023711","River","Upper Thames","Gloucestershire and the Vale","Thames"
"166","Thornhill Ditch and tributaries at Cotswolds Water Park","Thornhill Ditch","GB106039029760","River","Upper Thames","Gloucestershire and the Vale","Thames"
"167","Alderbourne","Alderbourne","GB106039023080","River","Colne","Colne","Thames"
"168","Pinn","Pinn","GB106039023070","River","Colne","Colne","Thames"
"169","King George VI Reservoir","King George VI Reservoir","GB30642488","Lake","Colne","Colne","Thames"
"170","Horton Brook","Horton Brook","GB106039023040","River","Colne","Colne","Thames"
"171","Misbourne","Misbourne","GB106039029830","River","Colne","Colne","Thames"
"172","Broadwater Lake","Broadwater Lake","GB30641907","Lake","Colne","Colne","Thames"
"173","Colne Brook","Colne Brook","GB106039023010","River","Colne","Colne","Thames"
"174","Queen Mary Reservoir","Queen Mary Reservoir","GB30642639","Lake","Colne","Colne","Thames"
"175","The Queen Mother Reservoir","The Queen Mother Reservoir","GB30642334","Lake","Colne","Colne","Thames"
"176","Wraysbury Reservoir","Wraysbury Reservoir","GB30642417","Lake","Colne","Colne","Thames"
"177","Chess","Chess;","GB106039029870","River","Colne","Colne","Thames"
"178","Surrey Ash","Surry Ash","GB106039023480","River","Colne","Colne","Thames"
"179","Heron Lake","Heron Lake;","GB30642538","Lake","Colne","Colne","Thames"
"180","Bulbourne","Bulbourne","GB106039029890","River","Colne","Colne","Thames"
"181","Staines Reservoir South","Staines Reservoir ","GB30642525","Lake","Colne","Colne","Thames"
"182","Upper Colne and Ellen Brook","Colne Brook OR Ellen Brook","GB106039029820","River","Colne","Colne","Thames"
"183","Queensmead","Queensmead","GB30642569","Lake","Colne","Colne","Thames"
"184","Staines Reservoir North","Staines Reservoir ","GB30642490","Lake","Colne","Colne","Thames"
"185","Tykeswater","Tykeswater","GB106039023100","River","Colne","Colne","Thames"
"186","Ver","Ver","GB106039029920","River","Colne","Colne","Thames"
"187","Island Barn Reservoir","Island Barn Reservoir","GB30642841","Lake","Lower Mole and Rythe","Mole","Thames"
"188","Pipp Brook","Pipp Brook","GB106039017580","River","Lower Mole and Rythe","Mole","Thames"
"189","Downside Ditches and Bookham Brook","Downside Ditches OR Bookham Brook","GB106039017600","River","Lower Mole and Rythe","Mole","Thames"
"190","Leigh Brook","Leigh Brook","GB106039017550","River","Lower Mole and Rythe","Mole","Thames"
"191","Deanoak Brook","Deanoak Brook","GB106039017530","River","Lower Mole and Rythe","Mole","Thames"
"192","Rythe","Rythe","GB106039017650","River","Lower Mole and Rythe","Mole","Thames"
"193","Tilgate Brook and Gatwick Stream at Crawley","Tilgate Brook OR Gatwick Stream","GB106039017500","River","Upper Mole Tributaries","Mole","Thames"
"194","Baldhorns Brook","Baldhorns Brook","GB106039017470","River","Upper Mole Tributaries","Mole","Thames"
"195","Burstow Stream","Burstow Stream","GB106039017520","River","Upper Mole Tributaries","Mole","Thames"
"196","Ifield Brook","Ifield Brook","GB106039017460","River","Upper Mole Tributaries","Mole","Thames"
"197","Stanford Brook","Stanford Brook","GB106039017450","River","Upper Mole Tributaries","Mole","Thames"
"198","Redhill Brook","Redhill Brook","GB106039017590","River","Upper Mole Tributaries","Mole","Thames"
"199","Douster Pond","Douster Pond","GB30644358","Lake","Upper Mole Tributaries","Mole","Thames"
"200","THAMES MIDDLE","Thames;","GB530603911402","Transitional","Tidal Thames","Thames TraC","Thames"
"201","THAMES UPPER","Thames;","GB530603911403","Transitional","Tidal Thames","Thames TraC","Thames"
"202","Thames Coastal North","Thames;","GB640603690000","Coastal","Tidal Thames","Thames TraC","Thames"
"203","THAMES LOWER","Thames;","GB530603911401","Transitional","Tidal Thames","Thames TraC","Thames"
"204","MEDWAY","Medway","GB530604002300","Transitional","Medway Swale Estuary","Thames TraC","Thames"
"205","SWALE","Swale;","GB530604011500","Transitional","Medway Swale Estuary","Thames TraC","Thames"
"206","Upper Kennet to Marlborough","Kennet","GB106039023171","River","Kennet","Kennet and tributaries","Thames"
"207","Clayhill Brook","Clayhill Brook","GB106039023120","River","Kennet","Kennet and tributaries","Thames"
"208","Penwood Stream","Penwood Stream","GB106039017210","River","Kennet","Kennet and tributaries","Thames"
"209","Winterbourne","Winterbourne","GB106039023210","River","Kennet","Kennet and tributaries","Thames"
"210","Silchester Brook","Silchester Brook","GB106039017190","River","Kennet","Kennet and tributaries","Thames"
"211","Baughurst Brook","Baughurst Brook","GB106039017200","River","Kennet","Kennet and tributaries","Thames"
"212","Holy Brook","Holy Brook","GB106039023141","River","Kennet","Kennet and tributaries","Thames"
"213","Upper Dun","Upper Dun","GB106039017350","River","Kennet","Kennet and tributaries","Thames"
"214","Farnham Flint or Englefield Lagoon","Farnham Flint OR Englefield Lagoon","GB30642611","Lake","Kennet","Kennet and tributaries","Thames"
"215","Og","Og","GB106039023180","River","Kennet","Kennet and tributaries","Thames"
"216","Lower Enborne","Enborne","GB106039017340","River","Kennet","Kennet and tributaries","Thames"
"217","Milford Lake","Milford Lake","GB30643126","Lake","Kennet","Kennet and tributaries","Thames"
"218","Burghfield Brook","Burghfield Brook","GB106039017410","River","Kennet","Kennet and tributaries","Thames"
"219","Froxfield Stream","Froxfield Stream","GB106039017430","River","Kennet","Kennet and tributaries","Thames"
"220","Ameys Lake or Theale Lakes","Ameys Lake OR Theale Lakes","GB30642622","Lake","Kennet","Kennet and tributaries","Thames"
"221","Thames Wallingford to Caversham","Thames;","GB106039030331","River","South Chilterns","Thames and South Chilterns","Thames"
"222","Cholsey Brook and tributaries","Cholsey Brook ","GB106039023570","River","South Chilterns","Thames and South Chilterns","Thames"
"223","Pang","Pang","GB106039023300","River","South Chilterns","Thames and South Chilterns","Thames"
"224","Sulham Brook","Sulham Brook","GB106039023280","River","South Chilterns","Thames and South Chilterns","Thames"
"225","Berrick Stream and Lady Brook","Berrick Stream OR Lady Brook","GB106039023670","River","South Chilterns","Thames and South Chilterns","Thames"
"226","Hamble Brook","Hamble Brook","GB106039023720","River","South Chilterns","Thames and South Chilterns","Thames"
"227","Hughenden Stream","Hughenden Stream","GB106039023900","River","South Chilterns","Thames and South Chilterns","Thames"
"228","Chinor Brook and Sydenham Brook","Chinor Brook OR Sydenham Brook","GB106039023850","River","Thame","Thames and South Chilterns","Thames"
"229","Chalgrove Brook","Chalgrove Brook","GB106039023740","River","Thame","Thames and South Chilterns","Thames"
"230","Holton Brook and tributaries","Holton Brook","GB106039030360","River","Thame","Thames and South Chilterns","Thames"
"231","Kingsey Cuttle Brook and tributaries at Thame","Kingslye Cuttle Brook","GB106039030200","River","Thame","Thames and South Chilterns","Thames"
"232","Thame upstream of Aylesbury","Thame","GB106039030410","River","Thame","Thames and South Chilterns","Thames"
"233","Cuttle Brook","Cuttle Brook","GB106039023840","River","Thame","Thames and South Chilterns","Thames"
"234","Bear Brook and Wendover Brook","Bear Brook OR Wendover Brook","GB106039030380","River","Thame","Thames and South Chilterns","Thames"
"235","Worminghall Brook and tributaries","Worminghall Brook","GB106039030340","River","Thame","Thames and South Chilterns","Thames"
"236","Stoke Brook Aylesbury","Stoke Brook","GB106039030320","River","Thame","Thames and South Chilterns","Thames"
"237","Latchford Brook at Tetsworth","Latchford Brook","GB106039023830","River","Thame","Thames and South Chilterns","Thames"
"238","Peppershill and Shabbington Brooks","Peppershill Brook OR Shabbington Brook","GB106039030290","River","Thame","Thames and South Chilterns","Thames"
"239","Haseley Brook","Haseley Brook","GB106039023780","River","Thame","Thames and South Chilterns","Thames"
"240","Lewknor Brook","Lewknor Brook","GB106039023750","River","Thame","Thames and South Chilterns","Thames"
"241","Upper Cray","Cray;","GB106040023990","River","Cray and Shuttle","Darent and Cray","Thames"
"242","Lower Cray","Cray;","GB106040024150","River","Cray and Shuttle","Darent and Cray","Thames"
"243","Shuttle","Shuttle;","GB106040024210","River","Cray and Shuttle","Darent and Cray","Thames"
"244","Middle and Lower Darent","Darent","GB106040024222","River","Darent","Darent and Cray","Thames"
"245","Upper Darent","Darent","GB106040024221","River","Darent","Darent and Cray","Thames"
"246","Crane","Crane;","GB106039023030","River","Crane Rivers and Lakes","London","Thames"
"247","Portlane Brook","Portlane Brook","GB106039023451","River","Crane Rivers and Lakes","London","Thames"
"248","Yeading Brook","Yeading Brook","GB106039023051","River","Crane Rivers and Lakes","London","Thames"
"249","Pool River","Pool River","GB106039023250","River","Ravensbourne","London","Thames"
"250","Quaggy","Quaggy","GB106039023290","River","Ravensbourne","London","Thames"
"251","Silk Stream and Edgware Brook","Silk Stream OR Edgware Brook","GB106039022970","River","Brent Rivers and Lakes","London","Thames"
"252","Lower Brent","Brent","GB106039023590","River","Brent Rivers and Lakes","London","Thames"
"253","Dollis Brook and Upper Brent","Dollis Brook OR Brent","GB106039022980","River","Brent Rivers and Lakes","London","Thames"
"254","Wealdstone Brook","Wealdstone Brook","GB106039022940","River","Brent Rivers and Lakes","London","Thames"
"255","Welsh Harp","Welsh Harp","GB30641690","Lake","Brent Rivers and Lakes","London","Thames"
"256","Low Maynard Reservoir","Low Maynard Reservoir","GB30641900","Lake","Lower Lee Rivers and Lakes","London","Thames"
"257","Turkey Brook and Cuffley Brook","Turkey Brook OR Cuffley Brook","GB106038033180","River","Lower Lee Rivers and Lakes","London","Thames"
"258","North Metropolitan pit","North Metropolitan pit","GB30641198","Lake","Lower Lee Rivers and Lakes","London","Thames"
"259","Moselle Brook","Moselle Brook","GB106038027920","River","Lower Lee Rivers and Lakes","London","Thames"
"260","Lockwood Reservoir","Lockwood Reservoir","GB30641865","Lake","Lower Lee Rivers and Lakes","London","Thames"
"261","Pymmes Brook upstream Salmon Brook confluence","Pymmey Brook","GB106038027940","River","Lower Lee Rivers and Lakes","London","Thames"
"262","Warwick Reservoir East","Warwick Reservoir East","GB30641939","Lake","Lower Lee Rivers and Lakes","London","Thames"
"263","Bowyers Water","Bowyers Water","GB30641313","Lake","Lower Lee Rivers and Lakes","London","Thames"
"264","Nazeing Brook","Nazeing Brook","GB106038033210","River","Lower Lee Rivers and Lakes","London","Thames"
"265","King Georges Reservoir","King Georges Reservoir","GB30641523","Lake","Lower Lee Rivers and Lakes","London","Thames"
"266","Lea Navigation Enfield Lock to Tottenham Locks","Lea Navigation","GB106038027950","River","Lower Lee Rivers and Lakes","London","Thames"
"267","Cheshunt Lake","Cheshunt Lake","GB30641274","Lake","Lower Lee Rivers and Lakes","London","Thames"
"268","Warwick Reservoir West","Warwick Reservoir West","GB30641956","Lake","Lower Lee Rivers and Lakes","London","Thames"
"269","High Maynard Reservoir","High Maynard Reservoir","GB30641884","Lake","Lower Lee Rivers and Lakes","London","Thames"
"270","Salmon Brook upstream Deephams STW","Salmon Brook OR Salmons Brook","GB106038027960","River","Lower Lee Rivers and Lakes","London","Thames"
"271","Cobbins Brook","Cobbins Brook","GB106038033190","River","Lower Lee Rivers and Lakes","London","Thames"
"272","Ching Brook","Ching Brook","GB106038027930","River","Lower Lee Rivers and Lakes","London","Thames"
"273","Stoke Newington East Reservoir","Stoke Newington East Reservoir","GB30641975","Lake","Lower Lee Rivers and Lakes","London","Thames"
"274","Seventy Acres","Seventy Acres","GB30641193","Lake","Lower Lee Rivers and Lakes","London","Thames"
"275","Hogsmill","Hogsmill","GB106039017440","River","Hogsmill","London","Thames"
"276","Gores Brook","Gores Brook","GB106037028140","River","Roding, Beam and Ingrebourne","Roding, Beam and Ingrebourne","Thames"
"277","Beam and Ravensbourne","Beam OR Ravensbourne","GB106037028100","River","Roding, Beam and Ingrebourne","Roding, Beam and Ingrebourne","Thames"
"278","Southall Sewer and Runningwater Brook","Southall Sewer OR Runningwater Brook","GB106037028090","River","Roding, Beam and Ingrebourne","Roding, Beam and Ingrebourne","Thames"
"279","Brookhouse Brook","Brookhouse Brook","GB106037028150","River","Roding, Beam and Ingrebourne","Roding, Beam and Ingrebourne","Thames"
"280","Ingrebourne","Ingrebourne","GB106037028130","River","Roding, Beam and Ingrebourne","Roding, Beam and Ingrebourne","Thames"
"281","Seven Kings Water","Seven Kings Water","GB106037028170","River","Roding, Beam and Ingrebourne","Roding, Beam and Ingrebourne","Thames"
"282","Cripsey Brook","Cripsey Brook","GB106037033481","River","Roding, Beam and Ingrebourne","Roding, Beam and Ingrebourne","Thames"
"283","Mayes Brook","Mayes Brook","GB106037028171","River","Roding, Beam and Ingrebourne","Roding, Beam and Ingrebourne","Thames"
"284","Higher Laver Brook","Higher Laver Brook","GB106037033490","River","Roding, Beam and Ingrebourne","Roding, Beam and Ingrebourne","Thames"
"285","Brent Feeder Canal","Brent Feeder Canal","GB806100092","SurfaceWaterTransfer","Brent Canals and Surface Water Transfers","Thames AWB","Thames"
"286","Longford River","Longford River","GB806100109","SurfaceWaterTransfer","Crane Surface Water Transfers","Thames AWB","Thames"
"287","Basingstoke Canal","Basingstoke Canal","GB70610019","Canal","Loddon Canals","Thames AWB","Thames"
"288","Mardyke","Mardyke","GB106037028200","River","Mardyke","South Essex","Thames"
"289","White Drain","White Drain","GB106040018560","River","White Drain and Lakes","North Kent","Thames"
"290","Loddon (Swallowfield to River Thames confluence)",NA,"GB106039023160","River","Loddon","Loddon and tributaries","Thames"
"291","Heath Lake",NA,"GB30642945","Lake","Loddon","Loddon and tributaries","Thames"
"292","Blackwater (Aldershot to Cove Brook confluence at Hawley)",NA,"GB106039017180","River","Loddon","Loddon and tributaries","Thames"
"293","Bow Brook (Bramley to Sherfield Green)",NA,"GB106039017140","River","Loddon","Loddon and tributaries","Thames"
"294","Loddon (Sherfield on Loddon to Swallowfield)",NA,"GB106039017330","River","Loddon","Loddon and tributaries","Thames"
"295","Hart (Crondall to Elvetham)",NA,"GB106039017090","River","Loddon","Loddon and tributaries","Thames"
"296","Loddon (Basingstoke to River Lyde confluence at Hartley Wespall)",NA,"GB106039017080","River","Loddon","Loddon and tributaries","Thames"
"297","Blackwater (Bramshill to River Loddon confluence at Swallowfield)",NA,"GB106039017320","River","Loddon","Loddon and tributaries","Thames"
"298","Hart (Elvetham to Hartley Wintney)",NA,"GB106039017170","River","Loddon","Loddon and tributaries","Thames"
"299","Bow Brook (Pamber End to Bramley)",NA,"GB106039017160","River","Loddon","Loddon and tributaries","Thames"
"300","Mytchett Lake",NA,"GB30643339","Lake","Loddon","Loddon and tributaries","Thames"
"301","Blackwater (Hawley to Whitewater confluence at Bramshill)",NA,"GB106039017290","River","Loddon","Loddon and tributaries","Thames"
"302","Loddon (Hartley Wespall to Sherfield on Loddon)",NA,"GB106039017150","River","Loddon","Loddon and tributaries","Thames"
"303","Addlestone Bourne (West End to Hale/Mill Bourne confluence at Mimbridge)",NA,"GB106039017920","River","Wey","Wey and tributaries","Thames"
"304","Whitmoor Common Pond",NA,"GB30643359","Lake","Wey","Wey and tributaries","Thames"
"305","Hollywater and Deadwater at Bordon",NA,"GB106039017690","River","Wey","Wey and tributaries","Thames"
"306","South Wey (River Slea confluence to Tilford)",NA,"GB106039017780","River","Wey","Wey and tributaries","Thames"
"307","Chertsey Bourne (Virginia Water to Chertsey)",NA,"GB106039017070","River","Wey","Wey and tributaries","Thames"
"308","Chertsey Bourne (Chertsey to River Thames confluence)",NA,"GB106039017030","River","Wey","Wey and tributaries","Thames"
"309","Slea (Kingsley to Sleaford)",NA,"GB106039017750","River","Wey","Wey and tributaries","Thames"
"310","North Wey (Alton to Tilford)",NA,"GB106039017830","River","Wey","Wey and tributaries","Thames"
"311","Hale/Mill Bourne (Bagshot to Addlestone Bourne confluence near Chobham)",NA,"GB106039017930","River","Wey","Wey and tributaries","Thames"
"312","South Wey (Haslemere to Bordon)",NA,"GB106039017700","River","Wey","Wey and tributaries","Thames"
"313","Chertsey Bourne (Sunningdale to Virginia Water)",NA,"GB106039017040","River","Wey","Wey and tributaries","Thames"
"314","Hoe Stream (Pirbright to River Wey confluence at Woking)",NA,"GB106039017900","River","Wey","Wey and tributaries","Thames"
"315","Wey (Shalford to River Thames confluence at Weybridge)",NA,"GB106039017630","River","Wey","Wey and tributaries","Thames"
"316","Wey Navigation (Pyrford reach)",NA,"GB106039017910","River","Wey","Wey and tributaries","Thames"
"317","Hoe Stream (Normandy to Pirbright)",NA,"GB106039017870","River","Wey","Wey and tributaries","Thames"
"318","The Tarn",NA,"GB30643758","Lake","Wey","Wey and tributaries","Thames"
"319","Chertsey Bourne (Ascot to Virginia Water)",NA,"GB106039017050","River","Wey","Wey and tributaries","Thames"
"320","Addlestone Bourne (Mill/Hale to Chertsey Bourne)",NA,"GB106039017020","River","Wey","Wey and tributaries","Thames"
"321","Wey (Tilford to Shalford)",NA,"GB106039017820","River","Wey","Wey and tributaries","Thames"
"322","South Wey (Bordon to River Slea confluence)",NA,"GB106039017720","River","Wey","Wey and tributaries","Thames"
"323","Cranmer Pond",NA,"GB30644464","Lake","Wey","Wey and tributaries","Thames"
"324","Swinley Park Pond",NA,"GB30642875","Lake","Wey","Wey and tributaries","Thames"
"325","Woolmer Pond",NA,"GB30644482","Lake","Wey","Wey and tributaries","Thames"
"326","Tributary of Teise",NA,"GB106040018510","River","Teise","Medway","Thames"
"327","Bourne (Medway)",NA,"GB106040018210","River","Middle Medway","Medway","Thames"
"328","Mereworth Stream",NA,"GB106040018190","River","Middle Medway","Medway","Thames"
"329","Snodland Reservoir",NA,"GB30643117","Lake","Lower Medway","Medway","Thames"
"330","Cliffe Pools South Lake",NA,"GB30642424","Lake","Lower Medway","Medway","Thames"
"331","Cliffe Pools North Lake",NA,"GB30642407","Lake","Lower Medway","Medway","Thames"
"332","Upper Beult - High Halden and Bethersden Stream",NA,"GB106040018280","River","Beult","Medway","Thames"
"333","Tributary of Beult at Sutton Valance",NA,"GB106040018040","River","Beult","Medway","Thames"
"334","Marden Meadow Ponds",NA,"GB30647024","Lake","Beult","Medway","Thames"
"335","Jarvis Brook",NA,"GB106040013360","River","Upper Medway","Medway","Thames"
"336","Evenlode (Compton Bk to Bledington Bk) and 4 Shires",NA,"GB106039037410","River","Evenlode","Cotswolds","Thames"
"337","Glyme (Enstone to Dorn)",NA,"GB106039030010","River","Evenlode","Cotswolds","Thames"
"338","Evenlode (Glyme to Thames)",NA,"GB106039029880","River","Evenlode","Cotswolds","Thames"
"339","Dorn (Source to Glyme)",NA,"GB106039037380","River","Evenlode","Cotswolds","Thames"
"340","Bledington Brook (Source to Evenlode)",NA,"GB106039030000","River","Evenlode","Cotswolds","Thames"
"341","Evenlode (Source to Four Shires S) and Longborough Stream",NA,"GB106039037420","River","Evenlode","Cotswolds","Thames"
"342","Westcote Brook (source to Evenlode at Bledington)",NA,"GB106039029950","River","Evenlode","Cotswolds","Thames"
"343","Glyme (Dorn confluence to Evenlode)",NA,"GB106039029940","River","Evenlode","Cotswolds","Thames"
"344","Sars Brook (source to Evenlode downstream Bledington)",NA,"GB106039029980","River","Evenlode","Cotswolds","Thames"
"345","Cornwell Brook and tributaries (Source to Evenlode)",NA,"GB106039037400","River","Evenlode","Cotswolds","Thames"
"346","Glyme (Source to Enstone)",NA,"GB106039030020","River","Evenlode","Cotswolds","Thames"
"347","Cornbury Park Lakes",NA,"GB30640488","Lake","Evenlode","Cotswolds","Thames"
"348","Little Compton Brook and tributaries (Source to Evenlode)",NA,"GB106039037390","River","Evenlode","Cotswolds","Thames"
"349","Evenlode (Bledington to Glyme confluence)",NA,"GB106039029960","River","Evenlode","Cotswolds","Thames"
"350","Thames (Leach to Evenlode)",NA,"GB106039030333","River","Windrush","Cotswolds","Thames"
"351","Windrush and tributaries (Little Rissington to Thames)",NA,"GB106039030440","River","Windrush","Cotswolds","Thames"
"352","Leach (Source to Thames)",NA,"GB106039030040","River","Windrush","Cotswolds","Thames"
"353","Windrush (Source to Slade Barn Stream)",NA,"GB106039037460","River","Windrush","Cotswolds","Thames"
"354","Dikler (Wyck Rissington to Windrush) and Lower Eye",NA,"GB106039030470","River","Windrush","Cotswolds","Thames"
"355","Eye (Source to Dikler)",NA,"GB106039037450","River","Windrush","Cotswolds","Thames"
"356","Wadley Stream (Source to Thames at Duxford)",NA,"GB106039023770","River","Windrush","Cotswolds","Thames"
"357","Slade Barn Stream (Source to Windrush)",NA,"GB106039037440","River","Windrush","Cotswolds","Thames"
"358","Chil and Limb Brooks (source to B4044)",NA,"GB106039030310","River","Windrush","Cotswolds","Thames"
"359","Dikler (Source to Wyck Rissington)",NA,"GB106039037470","River","Windrush","Cotswolds","Thames"
"360","Windrush (Slade Barn Stream to Dikler)",NA,"GB106039030480","River","Windrush","Cotswolds","Thames"
"361","Thames (Cookham to Egham)",NA,"GB106039023231","River","Lower Thames","Maidenhead and Sunbury","Thames"
"362","Thames (Egham to Teddington)",NA,"GB106039023232","River","Lower Thames","Maidenhead and Sunbury","Thames"
"363","Cut (Ascot to Bull Brook confluence at Warfield)",NA,"GB106039023440","River","Lower Thames","Maidenhead and Sunbury","Thames"
"364","Cut (Warfield to north Bracknell)",NA,"GB106039017680","River","Lower Thames","Maidenhead and Sunbury","Thames"
"365","Cut (Binfield to River Thames confluence) and Maidenhead Ditch",NA,"GB106039023510","River","Lower Thames","Maidenhead and Sunbury","Thames"
"366","Littleworth Ponds",NA,"GB30647022","Lake","Lower Thames","Maidenhead and Sunbury","Thames"
"367","Mimram (Codicote Bottom to Lee)",NA,"GB106038033270","River","Upper Lee","Upper Lee","Thames"
"368","Beane (Source to Stevenage Brook)",NA,"GB106038040110","River","Upper Lee","Upper Lee","Thames"
"369","Mimram (Whitwell to Codicote Bottom)",NA,"GB106038033460","River","Upper Lee","Upper Lee","Thames"
"370","Rib (upper stretches, above confluence with the Quin)",NA,"GB106038040140","River","Upper Lee","Upper Lee","Thames"
"371","Lee (from Luton Hoo Lakes to Hertford)",NA,"GB106038033392","River","Upper Lee","Upper Lee","Thames"
"372","Stort and Navigation, B Stortford to Harlow",NA,"GB106038033281","River","Upper Lee","Upper Lee","Thames"
"373","Stort and Navigation, Harlow to Lee",NA,"GB106038033282","River","Upper Lee","Upper Lee","Thames"
"374","Lee Navigation (Hertford to Fieldes Weir)",NA,"GB106038033240","River","Upper Lee","Upper Lee","Thames"
"375","Rib (from confluence with Quin to Lee Navigation)",NA,"GB106038033360","River","Upper Lee","Upper Lee","Thames"
"376","Ash (from Meesden to confluence with Bury Green Brook)",NA,"GB106038040100","River","Upper Lee","Upper Lee","Thames"
"377","Stort (at Clavering)",NA,"GB106038040130","River","Upper Lee","Upper Lee","Thames"
"378","Lee (from Luton to Luton Hoo Lakes)",NA,"GB106038033391","River","Upper Lee","Upper Lee","Thames"
"379","Ash (from confluence with Bury Green Brook to Lee)",NA,"GB106038033290","River","Upper Lee","Upper Lee","Thames"
"380","Beane (from confluence with Stevenage Brook to Lee)",NA,"GB106038033310","River","Upper Lee","Upper Lee","Thames"
"381","South Essex Lower London Tertiaries",NA,"GB40602G401000","Groundwater","South Essex Lower London Tertiaries","Thames GW","Thames"
"382","South-West Chilterns Chalk",NA,"GB40601G601100","Groundwater","South-West Chilterns Chalk","Thames GW","Thames"
"383","Alton Chalk",NA,"GB40601G604400","Groundwater","Alton Chalk","Thames GW","Thames"
"384","Bicester-Otmoor Cornbrash",NA,"GB40602G600800","Groundwater","Bicester-Otmoor Cornbrash","Thames GW","Thames"
"385","Farnborough Bagshot Beds",NA,"GB40602G601300","Groundwater","Farnborough Bagshot Beds","Thames GW","Thames"
"386","Kent Weald Western - Medway",NA,"GB40602G502300","Groundwater","Tunbridge Wells Sand and Kent Weald (Thames)","Thames GW","Thames"
"387","Copthorne Tunbridge Wells Sands",NA,"GB40602G602400","Groundwater","Tunbridge Wells Sand and Kent Weald (Thames)","Thames GW","Thames"
"388","Effingham Tertiaries",NA,"GB40602G601800","Groundwater","Effingham Tertiaries","Thames GW","Thames"
"389","Shrivenham Corallian",NA,"GB40602G600600","Groundwater","Shrivenham Corallian","Thames GW","Thames"
"390","West Kent Tertiaries",NA,"GB40602G501900","Groundwater","West Kent and Bromley Tertiaries","Thames GW","Thames"
"391","Aldermaston Bagshot Beds",NA,"GB40602G601500","Groundwater","Aldermaston Bagshot Beds","Thames GW","Thames"
"392","South Essex Thurrock Chalk",NA,"GB40601G401100","Groundwater","South Essex Thurrock Chalk","Thames GW","Thames"
"393","Headington Corallian",NA,"GB40602G600700","Groundwater","Headington Corallian","Thames GW","Thames"
"394","Mid-Chilterns Chalk",NA,"GB40601G601200","Groundwater","Colne Groundwater","Thames GW","Thames"
"395","Tackley Jurassic",NA,"GB40601G603100","Groundwater","Tackley Jurassic","Thames GW","Thames"
"396","Thatcham Tertiaries",NA,"GB40602G601600","Groundwater","Thatcham Tertiaries","Thames GW","Thames"
"397","Byfield Jurassic",NA,"GB40602G604200","Groundwater","Byfield Jurassic","Thames GW","Thames"
"398","Farthinghoe Stream (Source to Cherwell) and tributaries",NA,"GB106039037290","River","Cherwell","Cherwell and Ray","Thames"
"399","Bloxham Brook (Source to Sor Brook)",NA,"GB106039037240","River","Cherwell","Cherwell and Ray","Thames"
"400","Cherwell (Source to Trafford Bridge)",NA,"GB106039042650","River","Cherwell","Cherwell and Ray","Thames"
"401","Sor Brook (Source to Broughton)",NA,"GB106039037320","River","Cherwell","Cherwell and Ray","Thames"
"402","Deddington Brook (Source to Cherwell)",NA,"GB106039037190","River","Cherwell","Cherwell and Ray","Thames"
"403","Upper Swere (Source to Wigginton)",NA,"GB106039037200","River","Cherwell","Cherwell and Ray","Thames"
"404","Cherwell (Cropredy to Nell Bridge)",NA,"GB106039037310","River","Cherwell","Cherwell and Ray","Thames"
"405","Sor Brook  (Broughton to Cherwell)",NA,"GB106039037260","River","Cherwell","Cherwell and Ray","Thames"
"406","Ashby Brook (Source to Cherwell)",NA,"GB106039037360","River","Cherwell","Cherwell and Ray","Thames"
"407","Clayton and Wormleighton Brook, Source to Highfurlong Brook",NA,"GB106039037370","River","Cherwell","Cherwell and Ray","Thames"
"408","Cherwell (Ray to Thames) and Woodeaton Brook",NA,"GB106039029800","River","Cherwell","Cherwell and Ray","Thames"
"409","Tadmarton Stream (Source to Sor Brook)",NA,"GB106039037270","River","Cherwell","Cherwell and Ray","Thames"
"410","Swere (Wigginton to Cherwell)",NA,"GB106039037220","River","Cherwell","Cherwell and Ray","Thames"
"411","Highfurlong Brook (to Cherwell)",NA,"GB106039042660","River","Cherwell","Cherwell and Ray","Thames"
"412","Cherwell (Ashby Brook to Cropredy)",NA,"GB106039037350","River","Cherwell","Cherwell and Ray","Thames"
"413","Hook Norton Brook (Source to Swere)",NA,"GB106039037210","River","Cherwell","Cherwell and Ray","Thames"
"414","Chacombe Brook (Source to Cherwell)",NA,"GB106039037280","River","Cherwell","Cherwell and Ray","Thames"
"415","Ockley Brook and Croughton Brook (Source to Cherwell)",NA,"GB106039037230","River","Cherwell","Cherwell and Ray","Thames"
"416","Cherwell (Nell Bridge to Bletchingdon)",NA,"GB106039037431","River","Cherwell","Cherwell and Ray","Thames"
"417","Shutford Stream (Source to Sor Brook)",NA,"GB106039037300","River","Cherwell","Cherwell and Ray","Thames"
"418","Cherwell (Bletchingdon to Ray)",NA,"GB106039037432","River","Cherwell","Cherwell and Ray","Thames"
"419","Tetchwick Brook, Source to Ray and tribs",NA,"GB106039030070","River","Oxon Ray","Cherwell and Ray","Thames"
"420","Gubbinshole and Broadmoor ditch to Ray (Oxon)",NA,"GB106039030110","River","Oxon Ray","Cherwell and Ray","Thames"
"421","Oxon Ray (upstream A41 to Cherwell) including Otmoor",NA,"GB106039030090","River","Oxon Ray","Cherwell and Ray","Thames"
"422","Langford Brook (Bicester to Ray inc Gagle Brook)",NA,"GB106039030140","River","Oxon Ray","Cherwell and Ray","Thames"
"423","Langford Brook (source to downstream A41)",NA,"GB106039030160","River","Oxon Ray","Cherwell and Ray","Thames"
"424","Northfield Brook (Source to Thames) at Sandford",NA,"GB106039030180","River","Ock","Gloucestershire and the Vale","Thames"
"425","Thames (Evenlode to Thame)",NA,"GB106039030334","River","Ock","Gloucestershire and the Vale","Thames"
"426","Stutfield Brook (source to Ock)",NA,"GB106039023340","River","Ock","Gloucestershire and the Vale","Thames"
"427","Sandford Brook (source to Ock)",NA,"GB106039023410","River","Ock","Gloucestershire and the Vale","Thames"
"428","Ock and tributaries (Land Brook confluence to Thames)",NA,"GB106039023430","River","Ock","Gloucestershire and the Vale","Thames"
"429","Ock (to Cherbury Brook)",NA,"GB106039023400","River","Ock","Gloucestershire and the Vale","Thames"
"430","Liden Brook, Swindon",NA,"GB106039022860","River","Upper Thames","Gloucestershire and the Vale","Thames"
"431","Ampney and Poulton Brooks (Source to Thames)",NA,"GB106039030300","River","Upper Thames","Gloucestershire and the Vale","Thames"
"432","Cole (Bower Bridge to Thames) including Coleshill",NA,"GB106039023730","River","Upper Thames","Gloucestershire and the Vale","Thames"
"433","Ray (Wiltshire) (Lydiard Brook to Thames)",NA,"GB106039023330","River","Upper Thames","Gloucestershire and the Vale","Thames"
"434","Waterloo Ditch (East of Coleshill)",NA,"GB106039022950","River","Upper Thames","Gloucestershire and the Vale","Thames"
"435","Thames (Waterhaybridge to Cricklade) and Chelworth Brook",NA,"GB106039022960","River","Upper Thames","Gloucestershire and the Vale","Thames"
"436","Key (Source to Thames)",NA,"GB106039023650","River","Upper Thames","Gloucestershire and the Vale","Thames"
"437","Cerney Wick Brook (source to Thames)",NA,"GB106039023800","River","Upper Thames","Gloucestershire and the Vale","Thames"
"438","Churn  (Baunton to Cricklade)",NA,"GB106039029750","River","Upper Thames","Gloucestershire and the Vale","Thames"
"439","Ray (Wiltshire) source to Lydiard Brook",NA,"GB106039023320","River","Upper Thames","Gloucestershire and the Vale","Thames"
"440","Churn (source to Perrots Brook)",NA,"GB106039029810","River","Upper Thames","Gloucestershire and the Vale","Thames"
"441","Coln (from Coln Rogers) and Thames (Coln to Leach)",NA,"GB106039029992","River","Upper Thames","Gloucestershire and the Vale","Thames"
"442","Lenta Brook, East of Swindon",NA,"GB106039022870","River","Upper Thames","Gloucestershire and the Vale","Thames"
"443","Swill Brook (source to Ashton Keynes)",NA,"GB106039023700","River","Upper Thames","Gloucestershire and the Vale","Thames"
"444","Elkstone Brook",NA,"GB106039029790","River","Upper Thames","Gloucestershire and the Vale","Thames"
"445","Coln (Source to Coln Rogers)",NA,"GB106039029991","River","Upper Thames","Gloucestershire and the Vale","Thames"
"446","Cotswold Water Park Lake 12",NA,"GB30641559","Lake","Upper Thames","Gloucestershire and the Vale","Thames"
"447","Cole (source to Lenta Brook)",NA,"GB106039022890","River","Upper Thames","Gloucestershire and the Vale","Thames"
"448","Daglingworth Stream (Source to Churn)",NA,"GB106039029770","River","Upper Thames","Gloucestershire and the Vale","Thames"
"449","Bydemill Brook (Source to Thames)",NA,"GB106039023710","River","Upper Thames","Gloucestershire and the Vale","Thames"
"450","Cole (Acorn Bridge to Bower Bridge)",NA,"GB106039022930","River","Upper Thames","Gloucestershire and the Vale","Thames"
"451","Thames (Kemble to Waterhay Bridge)",NA,"GB106039023760","River","Upper Thames","Gloucestershire and the Vale","Thames"
"452","Thames (Churn to Coln)",NA,"GB106039022990","River","Upper Thames","Gloucestershire and the Vale","Thames"
"453","Colne (Confluence with Chess to River Thames)",NA,"GB106039023090","River","Colne","Colne","Thames"
"454","Colne (upper east arm including Mimshall Brook)",NA,"GB106039029850","River","Colne","Colne","Thames"
"455","Gade (from confluence with Bulbourne to Chess)",NA,"GB106039029860","River","Colne","Colne","Thames"
"456","Colne (from Confluence with Ver to Gade)",NA,"GB106039029840","River","Colne","Colne","Thames"
"457","Gade (Upper stretch Great Gaddesden to confluence with Bulbourne / GUC)",NA,"GB106039029900","River","Colne","Colne","Thames"
"458","Wraysbury No 2",NA,"GB30642489","Lake","Colne","Colne","Thames"
"459","Mole (Hersham to R. Thames conf at East Molesey)",NA,"GB106039017622","River","Lower Mole and Rythe","Mole","Thames"
"460","Mole (Horley to Hersham)",NA,"GB106039017621","River","Lower Mole and Rythe","Mole","Thames"
"461","Black Pond",NA,"GB30643054","Lake","Lower Mole and Rythe","Mole","Thames"
"462","Queen Elizabeth 2 Storage Reservoir",NA,"GB30642813","Lake","Lower Mole and Rythe","Mole","Thames"
"463","Tanners Brook (Holmewood to River Mole confluence at Brockham)",NA,"GB106039017570","River","Lower Mole and Rythe","Mole","Thames"
"464","The Rye at Ashtead",NA,"GB106039017610","River","Lower Mole and Rythe","Mole","Thames"
"465","Salfords Stream (Salfords to River Mole confluence)",NA,"GB106039017540","River","Upper Mole Tributaries","Mole","Thames"
"466","Mole upstream of Horley",NA,"GB106039017481","River","Upper Mole Tributaries","Mole","Thames"
"467","Salfords Stream (Redhill Brook confluence upstream)",NA,"GB106039017560","River","Upper Mole Tributaries","Mole","Thames"
"468","Cliffe Fort Lagoon",NA,"GB560604017700","Transitional","Tidal Thames","Thames TraC","Thames"
"469","West Thurrock Lagoon",NA,"GB560604017900","Transitional","Tidal Thames","Thames TraC","Thames"
"470","Higham Marshes",NA,"GB560604017600","Transitional","Tidal Thames","Thames TraC","Thames"
"471","Allhallows Marshes",NA,"GB560504016800","Transitional","Tidal Thames","Thames TraC","Thames"
"472","Murston Lakes",NA,"GB560604017400","Transitional","Medway Swale Estuary","Thames TraC","Thames"
"473","Inkpen Stream (source to Kennet)",NA,"GB106039017360","River","Kennet","Kennet and tributaries","Thames"
"474","West End Brook (tributary of Foudry Brook)",NA,"GB106039017300","River","Kennet","Kennet and tributaries","Thames"
"475","Foudry Brook (West End Brook to M4)",NA,"GB106039017380","River","Kennet","Kennet and tributaries","Thames"
"476","Middle Kennet (Marlborough to Hungerford)",NA,"GB106039023173","River","Kennet","Kennet and tributaries","Thames"
"477","Shalbourne  (source to Kennet at Hungerford)",NA,"GB106039017370","River","Kennet","Kennet and tributaries","Thames"
"478","Enborne (Source to downstream A34)",NA,"GB106039017280","River","Kennet","Kennet and tributaries","Thames"
"479","Enborne (downstream A34 to Burghclere Brook)",NA,"GB106039017310","River","Kennet","Kennet and tributaries","Thames"
"480","Ecchinswell Brook (source to Enborne)",NA,"GB106039017250","River","Kennet","Kennet and tributaries","Thames"
"481","Aldbourne",NA,"GB106039023200","River","Kennet","Kennet and tributaries","Thames"
"482","Kennet and Holy Brook",NA,"GB106039023140","River","Kennet","Kennet and tributaries","Thames"
"483","Enborne (Burghclere Brook to Kingsclere Brook)",NA,"GB106039017261","River","Kennet","Kennet and tributaries","Thames"
"484","Kennet and Avon Canal and Dun above Hungerford",NA,"GB106039017390","River","Kennet","Kennet and tributaries","Thames"
"485","Lambourn (Source to Newbury)",NA,"GB106039023220","River","Kennet","Kennet and tributaries","Thames"
"486","Kingsclere Brook (Source to Enborne)",NA,"GB106039017220","River","Kennet","Kennet and tributaries","Thames"
"487","Middle Kennet (Hungerford to Newbury)",NA,"GB106039023174","River","Kennet","Kennet and tributaries","Thames"
"488","Kennet (Lambourn confluence to Enborne confluence)",NA,"GB106039017420","River","Kennet","Kennet and tributaries","Thames"
"489","Earlstone Stream and  Burghclere Brook (source to Enborne)",NA,"GB106039017230","River","Kennet","Kennet and tributaries","Thames"
"490","Wasing Wood Ponds",NA,"GB30643001","Lake","Kennet","Kennet and tributaries","Thames"
"491","Sonning Eye gravel pit",NA,"GB30642393","Lake","South Chilterns","Thames and South Chilterns","Thames"
"492","Ewelme Stream (Source to Thames)",NA,"GB106039023610","River","South Chilterns","Thames and South Chilterns","Thames"
"493","Wye (Source to High Wycombe fire station)",NA,"GB106039023890","River","South Chilterns","Thames and South Chilterns","Thames"
"494","Wye (High Wycombe fire station to Thames)",NA,"GB106039023880","River","South Chilterns","Thames and South Chilterns","Thames"
"495","Thames (Reading to Cookham)",NA,"GB106039023233","River","South Chilterns","Thames and South Chilterns","Thames"
"496","Mill Brook and Bradfords Brook system,  Wallingford",NA,"GB106039023600","River","South Chilterns","Thames and South Chilterns","Thames"
"497","Dorton, Chearsley and Waddesdon Brooks",NA,"GB106039030400","River","Thame","Thames and South Chilterns","Thames"
"498","Scotsgrove Brook (upstream Kingsey Cuttle Brook)",NA,"GB106039030270","River","Thame","Thames and South Chilterns","Thames"
"499","Thame (Scotsgrove Brook to Thames)",NA,"GB106039030240","River","Thame","Thames and South Chilterns","Thames"
"500","Baldon Brook (South of Oxford)",NA,"GB106039023820","River","Thame","Thames and South Chilterns","Thames"
"501","Thame (Aylesbury to Scotsgrove Brook)",NA,"GB106039030370","River","Thame","Thames and South Chilterns","Thames"
"502","Hardwick Brook (Source to Thame)",NA,"GB106039030430","River","Thame","Thames and South Chilterns","Thames"
"503","Fleet Marston Brook, Denham Brook,  Pitchcott Brook west",NA,"GB106039030420","River","Thame","Thames and South Chilterns","Thames"
"504","Wandle (Carshalton Branch at Carshalton)",NA,"GB106039017640","River","Wandle","London","Thames"
"505","Wandle (Croydon to Wandsworth) and the R. Gra",NA,"GB106039023460","River","Wandle","London","Thames"
"506","Kempton Park East Reservoir",NA,"GB30642614","Lake","Crane Rivers and Lakes","London","Thames"
"507","Beverley Brook (Motspur Park to Thames) and Pyl Brook at West Barnes",NA,"GB106039022850","River","Beverley Brook","London","Thames"
"508","Marsh Dykes (Woolwich)",NA,"GB106039023500","River","Marsh Dykes","London","Thames"
"509","Ravensbourne (Catford to Deptford)",NA,"GB106039023270","River","Ravensbourne","London","Thames"
"510","Ravensbourne (Keston to Catford)",NA,"GB106039023260","River","Ravensbourne","London","Thames"
"511","Bentley Priory",NA,"GB30641796","Lake","Brent Rivers and Lakes","London","Thames"
"512","Lee (Tottenham Locks to Bow Locks/Three Mills Locks)",NA,"GB106038077852","River","Lower Lee Rivers and Lakes","London","Thames"
"513","Lea Navigation (Fieldes Weir to Enfield Lock)",NA,"GB106038077851","River","Lower Lee Rivers and Lakes","London","Thames"
"514","Pymmes and Salmon Brooks - Deephams STW to Tottenham Locks",NA,"GB106038027910","River","Lower Lee Rivers and Lakes","London","Thames"
"515","William Girling Reservoir",NA,"GB30641659","Lake","Lower Lee Rivers and Lakes","London","Thames"
"516","Banbury Reservoir",NA,"GB30647003","Lake","Lower Lee Rivers and Lakes","London","Thames"
"517","Small River Lee (and tributaries)",NA,"GB106038033200","River","Lower Lee Rivers and Lakes","London","Thames"
"518","Walthamstow Reservoir No 4",NA,"GB30641922","Lake","Lower Lee Rivers and Lakes","London","Thames"
"519","Walthamstow Reservoir No 1",NA,"GB30641924","Lake","Lower Lee Rivers and Lakes","London","Thames"
"520","Epsom Stew Pond",NA,"GB30643125","Lake","Hogsmill","London","Thames"
"521","Lower Roding (Loughton to Thames)",NA,"GB106037028181","River","Roding, Beam and Ingrebourne","Roding, Beam and Ingrebourne","Thames"
"522","Rom (Bourne Brook to Ravensbourne)",NA,"GB106037028120","River","Roding, Beam and Ingrebourne","Roding, Beam and Ingrebourne","Thames"
"523","Lower Roding (Cripsey Bk to Loughton)",NA,"GB106037028182","River","Roding, Beam and Ingrebourne","Roding, Beam and Ingrebourne","Thames"
"524","Upper Roding (to Cripsey Brook)",NA,"GB106037033500","River","Roding, Beam and Ingrebourne","Roding, Beam and Ingrebourne","Thames"
"525","Grand Union Canal, Uxbridge to Hanwell Locks, Slough Arm, Paddington Arm",NA,"GB70610078","Canal","Brent Canals and Surface Water Transfers","Thames AWB","Thames"
"526","Grand Union Canal, Wendover Arm (disused)",NA,"GB70610183","Canal","Thame Canals","Thames AWB","Thames"
"527","New River",NA,"GB806100111","SurfaceWaterTransfer","Lower Lee Canals and Surface Water Transfers","Thames AWB","Thames"
"528","Regents Canal, lower section",NA,"GB70610510","Canal","Lower Lee Canals and Surface Water Transfers","Thames AWB","Thames"
"529","Oxford Canal, summit to Aynho",NA,"GB70610197","Canal","Cherwell Canals and Surface Water Transfers","Thames AWB","Thames"
"530","Oxford Canal, Thrupp to Thames",NA,"GB70610542","Canal","Cherwell Canals and Surface Water Transfers","Thames AWB","Thames"
"531","Oxford Canal, Aynho to Thrupp",NA,"GB70610198","Canal","Cherwell Canals and Surface Water Transfers","Thames AWB","Thames"
"532","Boddington Feeder (Oxford Canal)",NA,"GB806100002","SurfaceWaterTransfer","Cherwell Canals and Surface Water Transfers","Thames AWB","Thames"
"533","Kennet and Avon Canal, Copse Lock to Reading",NA,"GB70610180","Canal","Kennet Canals","Thames AWB","Thames"
"534","Kennet and Avon Canal, summit to Copse Lock",NA,"GB70610181","Canal","Kennet Canals","Thames AWB","Thames"
"535","Upper Duke of Northumberland's River",NA,"GB806100108","SurfaceWaterTransfer","Crane Surface Water Transfers","Thames AWB","Thames"
"536","Lower Duke of Northumberland's River",NA,"GB806100095","SurfaceWaterTransfer","Crane Surface Water Transfers","Thames AWB","Thames"
"537","Jubilee River",NA,"GB806100325","SurfaceWaterTransfer","Lower Thames Surface Water Transfers","Thames AWB","Thames"
"538","King George VI Reservoir water transfer",NA,"GB806100096","SurfaceWaterTransfer","Colne Canals and Surface Water Transfers","Thames AWB","Thames"
"539","Grand Union Canal, Berkhamstead to Maple Lodge (RIvers Bulbourne, Gade and Colne)",NA,"GB70610185","Canal","Colne Canals and Surface Water Transfers","Thames AWB","Thames"
"540","Grand Union Canal, Maple Lodge to Uxbridge (Rivers Colne and Chess plus canal)",NA,"GB70610252","Canal","Colne Canals and Surface Water Transfers","Thames AWB","Thames"
"541","Grand Union Canal, Tring summit to Berkhamstead",NA,"GB70610184","Canal","Colne Canals and Surface Water Transfers","Thames AWB","Thames"
"542","Grand Union Canal, Tring summit",NA,"GB70610182","Canal","Colne Canals and Surface Water Transfers","Thames AWB","Thames"
"543","Mardyke (East Tributary)",NA,"GB106037028070","River","Mardyke","South Essex","Thames"
"544","Mardyke (West Tributary)",NA,"GB106037028080","River","Mardyke","South Essex","Thames"
"545","Murston Lakes, angling lakes",NA,"GB30642956","Lake","White Drain and Lakes","North Kent","Thames"
